Customer ID,Gender,Age,Income,Purchase Amount,Purchase Date,Product Category
1,Male,46,32332,414.85,21-09-19,Electronics
2,Male,53,77870,809.36,17-09-20,Beauty
3,Male,42,71907,405.32,02-07-20,Books
4,Female,50,76648,799.76,16-11-19,Books
5,Male,65,63533,136.52,03-09-19,Electronics
6,Male,34,22513,921.41,29-07-20,Clothing
7,Male,39,29829,742.54,05-02-19,Clothing
8,Male,34,50330,715.72,02-04-19,Toys
9,Female,54,58047,897.29,28-10-20,Books
10,Male,28,69074,60.23,17-05-20,Toys
11,Male,25,21850,275.48,16-02-19,Beauty
12,Male,59,94048,513.01,24-12-20,Clothing
13,Male,55,92018,128.97,27-12-20,Beauty
14,Male,26,80298,157.08,26-06-19,Electronics
15,Male,40,95394,751.39,05-10-19,Beauty
16,Male,62,75498,668.35,17-01-20,Books
17,Female,61,34841,598.14,27-11-19,Toys
18,Male,47,63413,200.67,09-03-19,Beauty
19,Female,61,75841,870.13,26-03-19,Electronics
20,Male,41,82755,583.34,18-11-20,Electronics
21,Male,30,48811,511.31,27-02-20,Beauty
22,Male,37,67318,108.37,26-08-19,Clothing
23,Male,18,89836,998.5,17-10-19,Clothing
24,Male,20,33799,850.08,05-05-20,Electronics
25,Male,32,80291,864.96,13-03-19,Clothing
26,Female,64,67948,768.26,06-09-19,Electronics
27,Male,23,60669,522.03,05-12-19,Clothing
28,Female,44,93508,278.44,31-07-19,Toys
29,Male,20,69091,786.62,03-01-19,Beauty
30,Female,19,62686,872.39,31-08-20,Books
31,Male,20,81811,579.22,13-04-19,Beauty
32,Female,35,90333,227.51,15-11-20,Toys
33,Female,42,80708,562.02,17-02-19,Books
34,Male,50,89107,597.83,11-06-20,Books
35,Female,20,34909,207.08,01-06-20,Books
36,Female,21,26779,591.4,29-05-19,Beauty
37,Male,34,78329,400.09,25-10-19,Electronics
38,Male,38,38456,435.95,03-09-19,Books
39,Female,47,65416,405.8,31-05-20,Toys
40,Female,46,50200,879.34,05-04-19,Clothing
41,Male,39,43233,10.75,28-06-19,Toys
42,Female,20,30709,516.24,14-07-20,Toys
43,Female,37,28193,209.41,30-05-19,Beauty
44,Male,29,73510,117.23,13-12-20,Books
45,Female,46,53595,585.22,03-05-19,Books
46,Female,31,85245,408.95,02-01-19,Electronics
47,Male,47,48384,302.63,30-03-19,Beauty
48,Female,36,39392,214.02,16-06-19,Beauty
49,Male,52,29535,647.26,03-01-20,Books
50,Male,49,26631,956.32,25-04-20,Toys
51,Male,22,20682,27,25-09-20,Beauty
52,Female,59,34036,54.72,22-04-19,Books
53,Female,31,97670,689.59,18-09-20,Clothing
54,Female,47,75901,663.94,13-07-20,Clothing
55,Male,24,81598,978.41,17-06-19,
56,Female,33,39524,639.57,14-12-19,Beauty
57,Female,49,45317,953.61,11-01-20,Clothing
58,Male,62,37687,65.7,18-02-20,Books
59,Male,59,45036,933.07,18-10-19,Beauty
60,Male,26,63606,370.12,14-06-19,Electronics
61,Male,26,89380,160.75,05-11-20,Electronics
62,Female,37,74886,165.12,29-03-20,Electronics
63,Female,63,64254,706.57,30-04-20,Beauty
64,Female,28,96222,687.03,10-07-20,Beauty
65,Male,60,71078,751.83,04-01-19,Books
66,Female,42,98103,83.04,15-05-19,Electronics
67,Male,48,70277,963.97,14-02-20,Clothing
68,Female,29,98130,395.65,21-05-20,Toys
69,Female,28,95813,115.7,22-05-19,Beauty
70,Male,60,72602,862.55,16-05-19,Beauty
71,Female,40,99450,397.52,14-04-19,Toys
72,Male,20,76209,935.87,20-04-19,Clothing
73,Male,26,40369,716.85,24-10-20,Electronics
74,Male,58,46108,720.28,23-04-19,Electronics
75,Male,33,25603,528.43,13-07-20,Clothing
76,Female,44,62336,294.18,23-11-19,Books
77,Male,31,79531,761.36,07-11-19,Clothing
78,Male,20,73374,360.61,05-04-20,Toys
79,Female,37,26230,699.96,19-03-20,Electronics
80,Female,60,87248,571.56,06-10-19,Beauty
81,Female,44,52985,437.32,12-05-20,Books
82,Female,65,24606,584.07,11-08-20,Books
83,Male,52,94658,234.73,27-01-19,Clothing
84,Male,57,40389,263.72,07-05-19,Beauty
85,Male,23,69837,999.48,03-01-19,Toys
86,Female,42,27877,287.16,25-07-19,Beauty
87,Male,44,62364,746.54,17-02-19,Electronics
88,Male,38,67108,390.31,15-08-19,Toys
89,Female,19,95518,987.89,12-02-20,Clothing
90,Male,57,62338,303.07,26-02-20,Clothing
91,Female,47,99579,814.32,29-12-20,Clothing
92,Male,37,28226,878.66,21-09-20,Beauty
93,Male,64,96820,758.6,26-03-19,Books
94,Male,54,82074,815.65,19-01-20,Beauty
95,Female,50,42557,287.71,23-06-19,Books
96,Male,49,69111,559.26,12-05-20,Clothing
97,Female,49,86202,431.96,03-10-19,Books
98,Male,22,84719,631.57,27-01-19,Beauty
99,Male,52,83693,404.07,21-11-20,Books
100,Male,39,78832,101.59,28-12-19,Beauty
101,Male,60,27260,345.45,30-05-20,Beauty
102,Male,39,74643,215.62,22-08-20,Books
103,Female,27,78401,436.5,03-07-20,Books
104,Male,21,76221,876.01,25-07-19,Books
105,Male,23,87815,862.91,09-11-20,Beauty
106,Male,43,68585,947.57,07-02-19,Toys
107,Male,24,65159,532.62,14-09-20,Clothing
108,Female,40,37715,394.52,30-09-19,Beauty
109,Male,41,59256,923.08,31-05-19,Beauty
110,Female,49,28190,146.43,07-04-20,Beauty
111,Male,22,56799,708.21,08-05-19,Electronics
112,Male,53,50551,857.7,18-11-20,Toys
113,Male,58,91412,729.04,08-10-20,Clothing
114,Female,36,65899,150.12,04-05-20,Beauty
115,Male,59,96829,478.5,14-10-19,Clothing
116,Female,61,83454,729.74,16-10-19,Clothing
117,Male,37,56445,843.81,05-10-19,Toys
118,Male,20,34448,346.27,11-09-19,Clothing
119,Female,24,66501,570.94,07-07-20,Clothing
120,Male,56,75883,112.25,11-04-20,Toys
121,Female,62,56280,745.39,17-05-19,Electronics
122,Female,44,89738,736.75,27-06-19,Electronics
123,Male,44,45203,78.12,14-02-20,Toys
124,Male,32,66580,224.11,05-03-20,Books
125,Female,57,94943,213.29,09-10-20,Electronics
126,Male,44,41065,366.53,25-07-19,Beauty
127,Female,62,93899,290.97,14-09-19,Clothing
128,Male,40,86353,997.83,02-07-19,Toys
129,Female,65,22827,264.72,18-07-19,Clothing
130,Male,64,82399,676.63,30-05-19,Beauty
131,Male,58,35607,918.71,29-11-19,Clothing
132,Female,24,93421,796.42,29-04-19,Clothing
133,Female,42,57879,423.69,25-09-19,Toys
134,Male,47,99045,783.72,30-10-19,Beauty
135,Female,37,42193,865.05,26-03-20,Toys
136,Female,20,73682,417.46,19-10-19,Electronics
137,Male,30,66919,142.68,18-10-20,Electronics
138,Male,40,88771,627.51,11-01-20,Beauty
139,Female,36,28529,146.21,19-10-19,Electronics
140,Male,38,27259,159.49,03-06-20,Clothing
141,Male,61,35509,789.53,11-05-19,Beauty
142,Female,44,20050,506.42,11-06-19,Books
143,Female,53,30902,273,17-09-20,Beauty
144,Female,26,77076,488.39,13-02-19,Clothing
145,Male,32,58092,15.7,05-09-20,Electronics
146,Male,63,87932,80.28,18-02-19,Electronics
147,Female,20,32352,908.92,04-03-19,Beauty
148,Female,26,34046,739.97,04-03-20,Beauty
149,Female,20,24446,997.14,07-04-19,Toys
150,Male,59,38698,140.02,08-09-20,Books
151,Male,43,90207,181.86,22-07-19,Clothing
152,Female,33,34851,516.75,20-05-20,Toys
153,Female,48,88576,727.33,08-07-20,Clothing
154,Male,55,62377,189.86,09-05-20,Books
155,Male,37,54225,659.02,07-09-19,Electronics
156,Male,54,54301,721.07,27-10-20,Beauty
157,Female,35,59430,655.45,27-12-20,Electronics
158,Female,55,24050,170.42,08-11-20,Beauty
159,Male,39,57437,308.45,12-12-20,Toys
160,Female,48,98147,210.66,21-01-20,Beauty
161,Male,28.5,78421,95.72,16-11-19,Clothing
162,Male,32,31011,943.36,18-10-19,Toys
163,Male,18,41512,913.01,21-03-20,Toys
164,Female,38,72383,954.73,26-12-19,Clothing
165,Female,22,55909,673.6,17-04-19,Toys
166,Female,51,46758,767.05,14-11-20,Books
167,Female,25,92579,881.67,02-07-19,Beauty
168,Female,29,63076,705.78,11-12-20,Toys
169,Female,30,90873,439.52,22-04-19,Electronics
170,Female,49,85655,255.91,01-02-19,Books
171,Female,43,71616,59.78,03-08-19,Books
172,Male,65,87732,251.02,09-08-20,Books
173,Male,25,50940,785.78,27-08-19,Toys
174,Male,23,83973,329.55,06-10-20,Books
175,Female,63,43867,409.26,24-06-20,Toys
176,Male,65,47143,517.42,21-06-20,Electronics
177,Female,26,81493,778.11,09-04-20,Beauty
178,Male,47,38332,515.15,12-02-19,Beauty
179,Female,23,93354,22.79,10-01-19,Electronics
180,Female,33,55187,512.97,18-05-19,Books
181,Male,41,65338,209.99,21-05-19,Electronics
182,Female,26,26765,359.07,20-01-19,Electronics
183,Female,56,71376,222.51,29-05-20,Beauty
184,Female,30,57836,131.62,20-01-20,Electronics
185,Male,31,62319,906.07,04-02-19,Clothing
186,Male,54,69068,440.4,07-07-20,Clothing
187,Female,21,40643,129.13,11-07-19,Toys
188,Male,49,44208,691.73,21-06-20,Books
189,Female,40,56382,51.93,30-08-20,Books
190,Male,18,22420,483.29,22-06-19,Books
191,Male,49,51441,428.93,12-06-19,Electronics
192,Male,42,95419,813.62,02-10-20,Toys
193,Female,54,57984,619.52,08-01-20,Beauty
194,Female,26,80119,102.63,11-12-19,Electronics
195,Male,30,90505,371.53,14-06-20,Clothing
196,Female,64,85900,507.31,16-02-20,Clothing
197,Male,56,84727,694.49,13-07-20,Clothing
198,Female,38,91421,652.4,26-10-19,Electronics
199,Male,63,37745,179.9,25-05-20,Beauty
200,Male,57,63940,724.59,25-02-20,Beauty
201,Male,58,95330,288.58,20-11-19,Clothing
202,Female,22,65454,261.12,12-08-19,Clothing
203,Female,63,87723,732.33,02-06-20,Clothing
204,Male,57,27460,279.86,18-10-19,Electronics
205,Male,28,50098,722.05,03-02-20,Beauty
206,Female,53,33256,481.53,12-06-20,Books
207,Male,49,20539,57.4,03-08-20,Books
208,Male,62,79034,234.71,12-07-20,Electronics
209,Male,26,53448,517.86,23-06-19,Beauty
210,Male,43,84818,329.29,20-02-19,Electronics
211,Female,24,50774,834.86,08-04-20,Toys
212,Female,30,44152,642.85,06-08-19,Toys
213,Female,58,24178,30.91,13-01-20,Clothing
214,Female,23,23702,728.05,04-05-20,Toys
215,Male,40,61725,403.91,23-02-19,Clothing
216,Female,61,54098,88.13,03-10-20,Books
217,Female,57,95018,389.27,12-10-20,Clothing
218,Female,54,22097,41.77,31-03-19,Toys
219,Female,40,94281,485.18,21-07-20,Books
220,Female,34,49561,587.44,13-09-19,Toys
221,Female,53,32199,182.65,02-11-20,Electronics
222,Male,60,27129,132.4,10-09-20,Books
223,Female,52,43843,845.12,09-09-19,Clothing
224,Male,23,55528,268.63,15-03-19,Books
225,Female,55,46392,370.2,06-11-20,Toys
226,Male,48,93097,537.18,02-07-20,Beauty
227,Male,61,97837,482.22,24-01-19,Clothing
228,Female,33,55146,439.41,29-11-19,Toys
229,Male,28,41867,455.25,06-09-20,Books
230,Male,22,20621,951.6,10-08-19,Books
231,Female,19,40297,535.57,03-05-19,Electronics
232,Male,54,62237,871.44,21-12-19,Beauty
233,Male,51,74812,224.09,03-01-20,Books
234,Female,33,54902,464.27,23-01-19,Toys
235,Female,64,80498,564.45,30-03-20,
236,Male,58,60929,296.27,13-12-19,Electronics
237,Male,64,86316,123.53,14-04-20,Books
238,Female,24,88759,742.15,31-03-19,Books
239,Male,46,31826,478.36,19-03-20,Toys
240,Male,63,33639,535.62,11-07-19,Books
241,Male,42,49851,993,14-05-19,Electronics
242,Male,57,54166,995.97,25-01-20,Books
243,Female,18,79043,938,02-10-20,Clothing
244,Male,62,84914,904.98,09-07-20,Clothing
245,Male,53,57897,757.59,10-03-19,Beauty
246,Male,45,33519,66.86,23-08-19,Toys
247,Female,37,49262,564.48,23-12-19,Beauty
248,Male,24,68655,214.24,28-07-20,Clothing
249,Female,45,24686,411.61,27-01-20,Electronics
250,Male,44,32614,464.3,24-10-19,Toys
251,Male,38,44894,17.91,16-08-19,Toys
252,Male,62,84759,749.96,13-08-19,Books
253,Male,60,32323,252.38,28-05-19,Electronics
254,Female,36,37905,939.1,24-04-20,Toys
255,Male,65,55225,994.84,31-05-19,Clothing
256,Female,52,80392,132.97,22-07-20,Books
257,Female,32,38615,344.22,18-07-19,Toys
258,Male,64,91543,423.76,21-11-19,Beauty
259,Female,31,82621,970.85,30-12-20,Beauty
260,Male,22,81210,743.78,05-03-20,Electronics
261,Female,41,52646,552.4,04-05-19,Books
262,Female,43,44855,363.3,28-01-19,Electronics
263,Female,22,42331,835.89,27-09-20,Books
264,Male,54,69661,403.75,11-11-20,Books
265,Male,39,54992,72.86,12-08-20,Clothing
266,Male,56,90377,481.99,14-11-20,Books
267,Male,37,89241,461.5,08-04-20,Toys
268,Female,51,47781,338.19,02-12-20,Clothing
269,Female,32,68707,903.99,07-12-19,Electronics
270,Male,45,74318,40.32,29-04-20,Beauty
271,Female,29,93638,169.15,06-08-20,Toys
272,Male,26,49495,620.92,06-07-20,Clothing
273,Male,20,56676,930.43,02-06-19,Toys
274,Male,36,72137,609.1,17-03-19,Beauty
275,Female,21,70161,320.51,13-07-20,Beauty
276,Male,32,69010,776.37,12-10-20,Toys
277,Female,64,62210,378.07,08-01-20,Books
278,Female,47,35350,333.94,30-09-19,Clothing
279,Female,43,82439,760.43,09-11-19,Books
280,Male,54,59156,371.69,07-02-20,Clothing
281,Male,35,76559,607.49,14-05-19,Toys
282,Male,55,40732,939.2,22-05-20,Books
283,Female,25,38033,715.96,23-09-19,Books
284,Male,62,32191,760.89,17-10-20,Electronics
285,Male,64,25698,876.06,25-11-19,Clothing
286,Male,52,36732,612.89,30-05-19,Toys
287,Female,46,48924,282.41,21-04-19,Beauty
288,Male,48,69289,388.56,09-02-19,Clothing
289,Male,59,29616,175.14,31-05-19,Electronics
290,Male,47,68255,870.27,16-09-20,Books
291,Male,32,83657,758.04,30-05-20,Toys
292,Female,56,41325,984.53,09-06-19,Clothing
293,Male,36,76128,734.14,26-09-19,Clothing
294,Male,65,93436,628,16-02-20,Electronics
295,Male,19,61501,727.41,09-08-20,Electronics
296,Female,41,88431,801.78,12-10-20,Beauty
297,Female,36,52207,89.4,21-01-20,Books
298,Female,34,95626,582.11,17-05-20,Books
299,Female,39,81157,79.29,07-07-19,Toys
300,Male,41,98955,567.39,12-08-20,Toys
301,Male,45,78313,917.51,16-02-19,Electronics
302,Female,57,41953,573.74,02-08-19,Toys
303,Female,57,72552,727.64,18-08-19,Books
304,Male,34,68415,391.76,11-10-19,Beauty
305,Female,61,30821,368.76,07-11-20,Beauty
306,Male,63,95506,567.84,23-06-19,Electronics
307,Male,23,61837,435.03,13-11-19,Electronics
308,Female,37,27858,114.72,29-03-19,Electronics
309,Female,40,99839,810.98,12-05-19,Books
310,Female,38,26229,105.22,01-06-19,Toys
311,Male,18,93126,817.63,18-01-20,Beauty
312,Male,54,26773,304.45,27-08-20,Books
313,Female,64,95822,985.59,11-09-20,Beauty
314,Male,62,93844,821.49,01-02-19,Electronics
315,Male,32,59586,938.6,07-02-20,Books
316,Male,39,52757,977.57,18-05-19,Books
317,Male,40,22467,636.61,31-10-20,Clothing
318,Male,32,86951,683.71,04-07-20,Electronics
319,Male,39,54491,488,08-10-20,Beauty
320,Male,57,63085,869.8,26-06-20,Electronics
321,Male,65,77165,48.26,12-02-20,Books
322,Female,36,92196,574.46,14-06-20,Clothing
323,Female,36,51864,855.46,26-10-20,Toys
324,Female,37,29197,477.3,04-10-20,Toys
325,Male,41,86567,220.11,02-02-19,Electronics
326,Male,24,65537,234.17,08-02-19,Books
327,Female,57,54517,721.33,11-05-20,Clothing
328,Female,42,87075,642.81,11-05-20,Toys
329,Male,40,68695,611.26,26-10-19,Toys
330,Male,49,49641,457.1,11-05-19,Clothing
331,Female,34,20007,610.28,02-06-19,Electronics
332,Male,40,43829,832.82,31-12-19,Electronics
333,Female,52,32911,948.33,13-09-20,Clothing
334,Male,47,60250,253.36,04-12-19,Electronics
335,Male,29,41865,18.82,07-09-19,Electronics
336,Female,32,83212,953.72,25-09-19,Electronics
337,Female,33,20041,810.37,02-12-20,Books
338,Male,24,73065,113.14,31-01-19,Electronics
339,Female,40,47905,141.28,25-10-19,Toys
340,Female,61,90881,775.01,20-01-19,Toys
341,Male,-40,94823,297.52,21-12-20,Clothing
342,Female,33,59166,221.32,03-11-20,Beauty
343,Male,24,59435,799.15,24-07-19,Electronics
344,Male,21,91719,889.25,24-05-20,Books
345,Male,35,29056,376.6,20-04-20,Electronics
346,Female,59,50270,795.59,15-09-19,Toys
347,Female,36,60064,684.21,31-01-19,Electronics
348,Male,45,98436,544.07,02-11-20,Beauty
349,Male,57,20198,322.16,27-10-20,Electronics
350,Male,56,56171,229.96,19-05-20,Clothing
351,Male,18,49481,976.12,19-08-19,Books
352,Female,61,91367,246.94,23-03-20,Electronics
353,Male,27,90238,703.7,26-10-20,Books
354,Female,51,81526,808.25,01-11-20,Beauty
355,Male,45,27926,732.53,30-06-20,Clothing
356,Female,27,48888,763.18,19-05-19,Books
357,Male,29,49343,587.64,22-09-19,Electronics
358,Female,49,52447,453.65,26-07-19,Beauty
359,Female,20,87548,294.35,20-01-20,Electronics
360,Female,38,77246,291.77,06-02-19,Beauty
361,Female,33,22175,412.41,12-05-19,Books
362,Male,39,35633,846.81,24-08-20,Electronics
363,Female,56,83274,330.48,27-02-20,Books
364,Male,65,77329,871.87,10-01-20,Electronics
365,Male,31,36309,434.63,03-01-20,Clothing
366,Female,26,55046,552.55,17-10-19,Books
367,Male,21,45792,217.34,23-07-19,Clothing
368,Male,20,32480,428.65,05-12-19,Toys
369,Male,38,59787,782.26,28-01-20,Beauty
370,Female,32,95387,720.07,23-11-19,Books
371,Female,35,45318,891.12,23-12-19,Toys
372,Female,58,49814,976.79,17-11-19,Books
373,Female,48,82415,825.4,18-08-20,Clothing
374,Male,59,27099,522.82,14-10-20,Beauty
375,Male,18,33610,300.24,06-02-20,Clothing
376,Female,42,56609,181.52,25-04-20,Beauty
377,Female,44,31939,86.01,23-12-20,Electronics
378,Male,62,76430,307.04,16-11-19,Books
379,Female,36,76143,870.22,09-09-19,Clothing
380,Male,44,28233,34.1,03-04-19,Beauty
381,Male,45,72968,136.03,04-06-19,Electronics
382,Male,57,41194,789.64,07-08-20,Electronics
383,Male,33,71099,322.69,10-11-20,Clothing
384,Male,56,26859,362.79,19-07-20,Toys
385,Male,62,21575,302.24,15-04-20,Beauty
386,Female,52,92128,454.83,03-05-19,Toys
387,Female,50,47564,67.43,15-04-20,Beauty
388,Female,30,66574,407.27,17-12-19,Electronics
389,Male,48,81850,935.27,20-04-20,Books
390,Female,23,30656,630.17,14-01-19,Toys
391,Female,32,83894,752.45,13-07-20,Beauty
392,Female,18,67835,473.22,16-04-20,Clothing
393,Female,20,92371,468.57,19-11-20,Toys
394,Male,20,99567,552.72,08-02-19,Toys
395,Female,22,93974,736.96,31-10-19,Toys
396,Male,21,56263,434.22,31-08-19,Toys
397,Male,61,70252,397.97,13-10-20,Clothing
398,Male,34,55618,806.06,06-04-20,Toys
399,Male,34,39315,578.16,26-02-19,Electronics
400,Male,49,42043,476.66,29-08-20,Toys
401,Female,46,79946,655.52,03-04-20,Toys
402,Female,27,81310,399.49,30-10-20,Toys
403,Female,39,85114,133.85,27-12-19,Beauty
404,Female,38,48097,589.12,31-05-20,Clothing
405,Male,27,43338,320.82,26-08-19,Toys
406,Male,18,89995,771.99,28-02-19,Books
407,Female,59,44275,918.34,20-07-19,Clothing
408,Male,29,22814,805.34,18-12-19,Clothing
409,Male,35,42229,595.54,26-06-20,Electronics
410,Female,21,52717,177.21,07-04-20,Electronics
411,Male,27,50369,956.77,16-02-19,Books
412,Female,20,97673,118.69,03-08-19,Clothing
413,Male,29,56698,567.52,30-03-19,Books
414,Female,64,83663,21.86,08-08-19,Clothing
415,Female,63,81080,27.57,03-04-19,Toys
416,Female,24,26856,552.89,15-12-20,Clothing
417,Female,27,97458,318.53,11-09-20,Clothing
418,Male,25,45825,571.08,06-09-20,Electronics
419,Female,51,51282,662.18,18-07-19,Electronics
420,Male,39,80409,44.25,05-10-20,Electronics
421,Female,45,52723,918.31,03-12-19,Beauty
422,Female,53,42334,112.71,20-06-20,Clothing
423,Female,20,88959,775.22,17-09-20,Toys
424,Male,23,26452,573.78,11-03-19,Books
425,Male,58,92799,937.63,06-08-19,Beauty
426,Female,31,62124,356.35,08-03-19,Toys
427,Male,45,67506,413.32,22-09-19,Beauty
428,Male,26,60523,191.27,18-11-20,Clothing
429,Female,26,94443,336.59,15-02-20,Beauty
430,Male,47,94905,378.22,05-11-20,Beauty
431,Male,63,74820,830.24,17-08-19,Beauty
432,Female,63,53355,354.77,06-02-20,Beauty
433,Male,26,48867,183.17,01-12-20,Toys
434,Male,32,61858,819.18,25-03-20,Electronics
435,Female,58,83061,432.45,08-02-19,Beauty
436,Female,58,74925,633.12,05-02-20,Toys
437,Female,60,73809,548.67,11-10-19,Beauty
438,Male,49,37799,935.04,02-05-20,Books
439,Female,38,29195,515.61,19-11-19,Electronics
440,Female,41,52174,61.85,23-07-19,Electronics
441,Female,23,31673,951.25,25-04-20,Clothing
442,Male,64,71054,310.07,02-09-20,Electronics
443,Male,58,85032,767.56,25-06-19,Clothing
444,Female,34,59668,384.33,02-08-20,Toys
445,Male,44,89376,879.43,11-10-20,Books
446,Female,41,37572,271.6,15-07-20,Books
447,Male,62,70935,708.8,12-06-20,Electronics
448,Female,42,83793,398.76,19-12-19,Clothing
449,Male,40,48056,347.99,25-05-19,Beauty
450,Female,37,26856,232.86,03-04-19,Clothing
451,Female,40,44080,234.57,08-08-20,Clothing
452,Male,24,78806,435.95,20-02-19,Toys
453,Female,20,25728,139.82,10-07-19,Toys
454,Female,29,97688,940.51,20-12-20,Electronics
455,Female,36,30868,799.63,07-08-19,Toys
456,Male,19,27723,858.22,02-05-20,Beauty
457,Male,19,68099,442.61,05-03-20,Beauty
458,Female,19,45629,194.52,18-05-20,Electronics
459,Female,39,88527,824.09,26-10-19,Books
460,Female,61,51979,919.16,06-12-20,Beauty
461,Male,25,79115,171.68,04-01-20,Clothing
462,Male,36,80076,453.91,07-08-19,Electronics
463,Female,23,79348,443.04,07-07-20,Beauty
464,Female,22,96748,308.62,09-11-19,Beauty
465,Female,27,35305,612.7,19-05-19,Electronics
466,Male,33,30768,377.04,25-11-20,Toys
467,Male,35,86212,514.9,21-03-19,Books
468,Male,52,72847,865.12,27-11-20,Electronics
469,Female,29,41117,479.32,09-04-20,Electronics
470,Female,44,59200,313.03,14-06-19,Beauty
471,Male,52,28169,96.15,28-10-19,Clothing
472,Female,27,51992,623.61,11-09-19,Toys
473,Male,57,23311,818.62,04-02-19,Toys
474,Female,19,76899,609.19,29-08-19,Toys
475,Female,52,50141,11.58,27-12-19,Books
476,Male,54,25909,840.17,12-01-19,Toys
477,Male,32,96550,99.97,26-09-20,Books
478,Male,60,27643,248.08,24-11-20,Toys
479,Female,29,43356,776.98,24-09-20,Beauty
480,Female,64,50331,896.09,08-01-20,Clothing
481,Male,52,27683,583.37,11-09-19,Toys
482,Female,58,53305,148.14,16-06-19,Electronics
483,Female,23,74013,936.77,15-03-19,Electronics
484,Male,51,51230,66.22,22-10-20,Clothing
485,Female,38,48894,349.41,08-04-19,Clothing
486,Male,59,23539,43.27,07-12-20,Electronics
487,Female,31,83983,535.25,22-05-19,Beauty
488,Female,59,58042,212.79,19-10-20,Clothing
489,Female,52,42052,258.28,20-02-19,Toys
490,Female,51,70589,169.09,24-05-20,Books
491,Female,64,80664,576.63,27-12-19,Electronics
492,Female,55,78981,42.12,09-03-19,Toys
493,Male,42,38390,987.04,12-10-19,Beauty
494,Male,21,55750,791.09,24-12-20,Toys
495,Female,58,72948,803.47,08-05-20,Books
496,Male,53,23414,140.19,15-10-19,Toys
497,Male,26,31085,570.33,18-01-19,Beauty
498,Male,63,59677,174.44,02-05-19,Toys
499,Male,63,36222,763.75,11-11-19,Toys
500,Female,48,79447,398.39,30-03-20,Books
501,Male,37,64352,311.78,19-12-20,Toys
502,Male,61,63593,417.54,26-09-19,Beauty
503,Female,32,29842,193.03,31-05-19,Electronics
504,Female,64,92657,467.55,16-02-19,Toys
505,Male,61,86783,304.3,12-06-20,Beauty
506,Female,28,61437,163.55,06-06-20,Beauty
507,Male,58,84016,772.72,02-07-20,Books
508,Male,18,33976,252.98,09-05-20,Clothing
509,Female,27,68172,315.2,27-10-20,Books
510,Male,44,85226,591.45,27-03-20,Toys
511,Female,51,28373,449.74,07-11-20,Beauty
512,Male,47,77984,174.38,24-05-19,Clothing
513,Male,57,67372,230.33,29-08-20,Beauty
514,Female,39,72122,66.71,10-12-20,Beauty
515,Male,46,32739,603.11,08-02-19,Toys
516,Male,58,87307,12.4,30-06-19,Books
517,Male,22,97516,407.7,05-01-20,Beauty
518,Male,53,91299,454.6,25-04-19,Toys
519,Female,60,32844,376.21,20-09-19,Beauty
520,Female,26,44583,996.63,05-02-20,Clothing
521,Female,-36,48711,518.92,11-01-19,Beauty
522,Male,50,44196,392.54,07-08-19,Books
523,Female,45,37196,733,06-06-20,Toys
524,Female,39,41795,823.9,12-03-20,Electronics
525,Female,20,64440,881.92,19-01-20,Clothing
526,Female,32,33478,914.78,27-11-20,Beauty
527,Female,63,28046,150.16,24-08-19,Electronics
528,Female,59,77538,587.51,22-12-20,Beauty
529,Female,30,45358,852.81,13-04-20,Electronics
530,Male,56,74992,290.45,17-12-20,Toys
531,Female,36,55222,139.01,11-11-19,Books
532,Female,39,96972,929.31,21-03-19,Electronics
533,Female,30,50348,851.59,03-09-20,Electronics
534,Male,50,30146,82.15,30-10-19,Beauty
535,Male,21,64519,649.14,09-02-19,Beauty
536,Male,32,78930,584.84,05-09-19,Beauty
537,Male,21,54699,589.7,26-02-20,Electronics
538,Female,51,84451,28.26,16-11-19,Electronics
539,Male,30,67899,296.59,19-02-20,Books
540,Male,47,71697,818.71,20-03-19,Electronics
541,Female,24,34531,984.06,07-12-20,Books
542,Male,62,62369,525.32,30-10-19,Toys
543,Female,46,42274,448.39,24-04-20,Electronics
544,Female,55,34492,302.53,22-03-19,Clothing
545,Female,30,57783,798.93,25-09-20,Books
546,Male,29,56162,577.97,03-09-19,Electronics
547,Female,42,34803,143.29,11-09-20,Electronics
548,Female,60,80220,514.84,12-06-19,Clothing
549,Female,60,88025,143.12,20-06-20,Beauty
550,Female,42,49427,233.74,03-04-20,Toys
551,Female,42,75548,309,21-05-19,Books
552,Female,57,91807,904.43,26-07-19,Beauty
553,Female,50,57478,335.41,21-07-19,Books
554,Male,58,71147,90.2,28-02-20,Beauty
555,Female,27,89620,13.32,24-12-20,Clothing
556,Female,27,65275,360.74,03-06-19,Toys
557,Male,29,50283,164.71,23-12-20,Toys
558,Female,23,34733,902.79,18-09-19,Electronics
559,Male,49,36582,168.25,21-05-19,Electronics
560,Male,61,63228,625.77,23-03-19,Books
561,Female,39,92791,262.31,04-04-20,Toys
562,Male,64,57228,936.66,11-07-20,Books
563,Female,60,62155,181.22,29-06-20,Clothing
564,Male,23,62625,223.11,26-12-19,Electronics
565,Male,44,51800,861.08,10-07-20,Books
566,Male,56,37769,207.32,06-07-20,Electronics
567,Female,65,58858,894.99,06-07-19,Beauty
568,Male,61,81826,49.33,24-09-20,Clothing
569,Female,48,70757,677.58,08-11-20,Clothing
570,Male,62,25777,513.49,21-01-20,Toys
571,Female,41,78385,88.73,12-10-20,Books
572,Male,59,75565,414.59,09-04-20,Books
573,Male,26,57726,457.5,25-11-19,Books
574,Male,28,84878,429.79,24-03-20,Toys
575,Male,45,53484,102.09,06-12-20,Books
576,Male,53,59212,286.32,20-05-19,Beauty
577,Female,50,59348,42.81,30-12-19,Clothing
578,Male,44,43115,545.17,25-04-19,Electronics
579,Male,37,77372,421.21,07-04-20,Toys
580,Male,51,20524,357.96,11-03-19,Beauty
581,Female,33,68585,954.32,09-03-20,Beauty
582,Male,33,75310,766.05,12-12-19,Electronics
583,Female,48,99839,377.08,04-07-19,Toys
584,Male,58,80355,973.71,29-03-20,Electronics
585,Female,55,50726,640.98,26-04-19,Beauty
586,Male,58,80357,759.66,30-09-20,Toys
587,Female,60,49033,748.84,11-03-20,Beauty
588,Female,18,55550,894.34,01-10-20,Books
589,Male,28,31174,290.17,18-02-19,Toys
590,Female,37,94366,825.98,08-06-20,Beauty
591,Female,51,25783,539.67,12-06-20,Beauty
592,Female,33,51891,61.3,04-12-19,Beauty
593,Male,60,22965,417.79,06-10-20,Toys
594,Male,45,39842,483.58,06-06-19,Clothing
595,Male,60,91388,964.88,24-07-20,Clothing
596,Female,54,33098,895.96,20-11-20,Toys
597,Female,18,70882,936.12,04-06-19,Toys
598,Male,48,59684,614.54,25-03-20,Electronics
599,Male,44,93161,161.81,10-02-19,Toys
600,Male,46,63689,456.2,24-09-20,Beauty
601,Female,36,96007,793.84,26-01-20,Clothing
602,Male,53,41543,778.31,05-04-19,Toys
603,Male,48,28772,742.57,05-10-19,Beauty
604,Female,42,72758,677.29,10-08-20,Clothing
605,Female,39,41347,937.79,26-01-20,Books
606,Male,38,91368,425.39,20-12-20,Clothing
607,Male,52,84033,190.91,15-05-20,Toys
608,Male,51,27971,26.73,25-08-19,Beauty
609,Male,31,45067,789.84,01-02-20,Beauty
610,Male,38,51251,456.71,02-02-19,Electronics
611,Male,41,63486,946.25,08-05-19,Toys
612,Female,33,82524,772.87,01-09-20,Toys
613,Male,27,56565,928.76,11-06-19,Clothing
614,Female,45,90453,619.1,31-05-19,Beauty
615,Female,50,47166,71.7,17-11-19,Beauty
616,Male,57,30381,950.64,14-01-19,Beauty
617,Female,43,97116,442.84,09-10-20,Electronics
618,Female,28,63736,960.65,23-04-20,Clothing
619,Male,35,90154,408.85,30-11-20,Books
620,Male,42,55162,277.14,10-08-20,Beauty
621,Female,20,84155,568.36,08-06-19,Books
622,Female,28,23850,732.04,18-02-19,Beauty
623,Female,18,63071,647.43,09-01-20,Toys
624,Female,54,39237,657.3,11-02-19,Beauty
625,Male,34,46599,427.54,20-12-19,
626,Female,39,60094,570.09,07-03-19,Clothing
627,Male,65,85009,298.29,22-09-19,Clothing
628,Female,18,95555,763.08,18-06-19,Toys
629,Female,28,46822,953.72,11-06-19,Electronics
630,Male,44,25684,903.7,20-07-20,Beauty
631,Female,43,76687,285.01,19-05-19,Beauty
632,Male,64,45382,211.18,02-06-20,Beauty
633,Female,55,28156,151.39,28-07-19,Electronics
634,Male,49,56678,846.83,12-12-19,Electronics
635,Female,26,64211,537,02-11-20,Electronics
636,Female,48,99985,418.93,01-07-20,Clothing
637,Male,52,85733,310.34,02-09-20,Beauty
638,Male,41,99152,726.85,24-08-19,Electronics
639,Male,53,37639,451.6,28-06-20,Beauty
640,Male,63,27492,834.23,02-01-19,Books
641,Male,19,50315,626.59,24-08-20,Electronics
642,Male,52,54673,193.58,23-12-19,Beauty
643,Male,22,79353,418.02,19-04-19,Electronics
644,Male,20,94038,185.17,21-01-19,Beauty
645,Female,62,83967,512.5,14-09-19,Toys
646,Female,47,84880,938.24,04-02-20,Toys
647,Male,36,32191,611.8,03-06-20,Books
648,Female,60,73903,654.78,02-04-20,Beauty
649,Female,54,23630,52.25,17-07-19,Toys
650,Female,37,82174,816.38,01-06-19,Books
651,Male,53,38212,341.66,19-09-20,Beauty
652,Male,61,80595,750.34,30-03-20,Beauty
653,Female,35,60397,696.73,15-06-20,Clothing
654,Male,40,27423,328.44,01-01-19,Toys
655,Female,57,86804,840.27,24-11-20,Toys
656,Male,63,39595,582.32,04-01-19,Electronics
657,Male,21,33096,846.76,20-01-20,Beauty
658,Female,58,90140,808.56,31-01-20,Toys
659,Female,41,56508,256.62,02-11-19,Toys
660,Female,27,58837,148.29,07-08-19,Beauty
661,Male,22,26369,883.55,22-03-20,Books
662,Female,25,39591,407.29,11-12-20,Beauty
663,Female,29,28344,648.08,15-12-20,Books
664,Male,35,25518,611.45,26-02-19,Electronics
665,Female,56,99393,905.49,08-06-19,Clothing
666,Male,55,65824,355.48,03-03-20,Electronics
667,Female,37,39593,934.78,22-09-20,Electronics
668,Female,25,37696,219.32,19-05-19,Beauty
669,Male,55,63204,472.6,11-03-19,Books
670,Female,45,69075,15.01,08-08-20,Electronics
671,Male,23,45478,314.64,06-08-20,Toys
672,Male,42,95772,388.62,03-10-20,Beauty
673,Male,53,79440,171.08,26-07-19,Toys
674,Male,55,67134,924.65,17-10-19,Electronics
675,Male,27,96323,991.54,03-02-20,Books
676,Female,29,26694,376.13,04-02-19,Beauty
677,Male,34,30448,722.44,04-05-19,Toys
678,Male,37,33472,820.94,07-10-19,Toys
679,Female,30,82735,459.2,14-11-19,Clothing
680,Female,64,68195,751.43,25-10-20,Beauty
681,Male,35,49263,143.84,30-09-20,Clothing
682,Female,44,57163,71,15-02-20,Books
683,Male,32,20922,971.9,26-02-20,Clothing
684,Female,27,25064,309.31,13-07-20,Clothing
685,Male,52,95033,240.67,03-04-20,Toys
686,Male,51,68424,325.98,03-09-19,Books
687,Female,26,93318,33.62,24-11-20,Electronics
688,Male,23,92104,28.11,26-03-20,Toys
689,Male,24,84428,763.16,13-12-19,Books
690,Male,55,22995,65.34,08-10-20,Books
691,Male,33,84397,195.28,04-01-20,Beauty
692,Female,56,70106,693.06,16-04-20,Clothing
693,Female,57,37675,517.33,25-12-20,Electronics
694,Female,53,90710,248.99,21-09-19,Books
695,Female,23,93014,581.83,09-03-20,Beauty
696,Female,49,67265,379.46,28-07-20,Beauty
697,Male,51,95476,247.52,07-06-19,Books
698,Female,55,87433,428.88,26-09-20,Books
699,Female,62,43702,890.6,26-08-20,Electronics
700,Female,61,32732,580.18,11-11-20,Beauty
701,Male,61,40326,758.51,05-01-19,Beauty
702,Female,26,22510,507.83,02-11-20,Beauty
703,Female,27,91543,839.21,25-08-20,Beauty
704,Male,59,21704,57.12,25-12-20,Beauty
705,Female,46,81516,228.77,24-01-19,Beauty
706,Male,49,70886,500.89,25-09-19,Books
707,Male,51,60873,40.12,28-02-19,Electronics
708,Female,39,61207,48.43,02-04-20,Books
709,Female,30,55975,738.71,28-10-20,Toys
710,Male,38,64830,236.14,08-07-20,Clothing
711,Male,40,61529,200.12,11-03-20,Toys
712,Male,29,68354,98.37,22-06-20,Electronics
713,Male,32,65717,378.3,26-11-19,Electronics
714,Male,18,99152,207.02,09-01-19,Books
715,Female,18,48159,528.89,14-10-19,Books
716,Female,54,55368,626.92,26-07-20,Clothing
717,Female,22,29882,845.14,19-10-19,Books
718,Male,48,32410,122.4,26-11-19,Electronics
719,Female,62,69508,439.94,21-05-20,Books
720,Female,31,94654,804.47,25-04-19,Beauty
721,Female,25,75608,254.75,16-05-20,Clothing
722,Female,26,88224,44.7,29-03-20,Books
723,Male,53,53086,323.33,24-05-20,Toys
724,Female,50,32827,267.33,26-01-20,Electronics
725,Male,53,91689,349.09,11-12-19,Clothing
726,Female,26,73779,934.95,23-01-20,Beauty
727,Female,50,55358,248.22,20-02-20,Beauty
728,Female,52,77193,315.26,05-02-19,Electronics
729,Female,53,34620,335.45,13-07-19,Toys
730,Male,55,37487,476.46,05-09-20,Books
731,Male,46,41186,766.74,22-02-20,Clothing
732,Male,37,84998,716.2,13-02-19,Clothing
733,Female,42,46420,873.8,29-03-19,Books
734,Female,57,72839,853.34,17-11-20,Toys
735,Male,63,72433,33.9,07-08-19,Beauty
736,Female,33,63057,133.15,16-11-19,Toys
737,Female,51,97358,381.74,16-08-20,Toys
738,Male,38,63225,364.61,12-05-20,Beauty
739,Female,46,83195,13.43,12-09-20,Beauty
740,Female,48,96743,152.83,26-12-20,Clothing
741,Female,21,72145,758.69,31-08-20,Books
742,Male,58,65761,172.77,16-11-20,Beauty
743,Male,46,21837,947.77,29-09-20,Books
744,Male,31,33010,873.23,10-01-19,Books
745,Male,30,53993,633.11,31-07-19,Books
746,Male,56,68727,773.9,09-02-19,Electronics
747,Female,20,38752,734.49,07-06-19,Electronics
748,Female,55,74507,911.39,22-08-20,Electronics
749,Female,25,44492,117.14,11-01-19,Electronics
750,Female,49,89317,315.78,06-01-19,Beauty
751,Male,54,74984,130.21,26-05-19,Beauty
752,Female,63,86133,712.7,03-05-20,Books
753,Female,49,54893,822.87,10-11-19,Electronics
754,Female,38,89892,197.21,02-03-19,Books
755,Male,49,23916,564,03-05-20,Clothing
756,Female,51,40247,965.61,26-07-20,Electronics
757,Female,64,45682,504.11,06-11-19,Toys
758,Female,20,46596,393.32,04-06-19,Clothing
759,Male,63,81283,578.81,29-07-19,Beauty
760,Female,35,69813,866.19,17-08-19,Electronics
761,Female,48,56152,709.62,03-02-20,Toys
762,Male,37,21366,876.73,16-02-20,Toys
763,Female,64,66791,831.77,29-08-19,Electronics
764,Female,21,68501,326.15,26-01-19,Toys
765,Male,34,21990,362.01,12-08-19,Books
766,Female,32,41999,951.28,09-11-19,Toys
767,Female,41,63409,819.32,27-04-19,Clothing
768,Male,22,67113,279.74,30-12-19,Electronics
769,Male,44,57862,800.21,27-04-19,Clothing
770,Female,35,45654,757.44,27-10-20,Beauty
771,Male,40,71150,397.89,26-11-19,Electronics
772,Male,28,83576,336.79,31-12-19,Toys
773,Male,50,58705,843,21-06-19,Clothing
774,Female,44,60348,414.08,09-09-20,Toys
775,Female,65,57188,398.67,06-03-20,Books
776,Female,49,88509,379.49,28-07-20,Clothing
777,Male,20,60421,498.8,23-03-19,Electronics
778,Female,25,37593,41.47,07-04-20,Clothing
779,Female,19,85219,883.8,03-03-19,Toys
780,Male,18,82658,816.68,30-05-19,Clothing
781,Male,57,86660,951.88,09-12-19,Clothing
782,Female,24,94299,153.97,27-12-20,Beauty
783,Male,29,39610,468.17,25-07-20,Books
784,Female,20,45247,44.99,22-12-19,Toys
785,Male,38,39184,493.87,26-05-20,Electronics
786,Female,45,77147,644.29,27-09-19,Beauty
787,Female,56,43728,245.95,15-03-19,Toys
788,Male,33,55035,849.48,18-01-20,Clothing
789,Male,58,56654,695.61,18-12-20,Books
790,Female,41,84818,653.11,19-09-20,Beauty
791,Female,34,71511,179.49,25-11-20,Clothing
792,Male,59,48523,436.5,15-08-20,Beauty
793,Female,19,69884,895.4,07-12-20,Clothing
794,Female,27,22574,428.26,28-09-20,Toys
795,Male,19,30156,29.42,04-08-20,Books
796,Male,60,58657,256.23,31-05-20,Clothing
797,Female,42,49407,978.38,07-08-19,Beauty
798,Male,38,59991,296.12,04-03-20,Toys
799,Male,33,65120,347.46,27-09-19,Electronics
800,Male,25,99875,666.54,16-01-19,Electronics
801,Male,44,24999,351.9,11-04-20,Books
802,Female,37,47902,715.28,03-01-19,Books
803,Male,42,66180,887.7,29-03-20,Electronics
804,Male,50,74956,493.08,02-08-19,Beauty
805,Female,25,28690,142.29,25-09-20,Clothing
806,Female,54,20397,288.97,27-09-19,Toys
807,Female,51,28959,252.03,01-07-20,Books
808,Male,36,26369,726.84,16-01-19,Toys
809,Female,54,57012,816.73,24-12-20,Beauty
810,Male,34,51804,930.07,03-12-19,Books
811,Male,25,58889,196.03,18-07-19,Beauty
812,Female,47,35634,814.58,30-04-20,Clothing
813,Female,63,78065,204.56,27-09-20,Clothing
814,Female,60,58530,815.46,17-07-20,Books
815,Female,51,95902,793.41,08-11-19,Beauty
816,Female,29,41336,377.76,31-01-19,Clothing
817,Male,65,30570,802.67,23-09-19,Electronics
818,Female,27,35281,460.59,15-08-19,Toys
819,Female,61,65126,968.52,10-11-20,Beauty
820,Female,19,78150,538.55,15-05-19,Electronics
821,Male,36,85216,626.4,01-03-19,Books
822,Male,65,86888,762.62,12-05-20,Electronics
823,Male,44,44375,92.74,22-10-19,Books
824,Male,38,97715,750.84,01-03-19,Beauty
825,Male,46,75526,366.74,29-01-19,
826,Female,37,51330,121.21,24-04-20,Toys
827,Male,45,94838,177.14,29-10-20,Toys
828,Male,19,54748,960.36,13-08-20,Toys
829,Female,43,89040,338.55,07-06-19,Electronics
830,Male,34,61525,629.23,30-01-19,Books
831,Female,47,79305,425.51,14-11-19,Clothing
832,Female,62,99244,91.99,14-11-19,Books
833,Female,47,61883,930.07,02-12-19,Beauty
834,Male,55,67321,158.33,27-11-20,Books
835,Male,55,82878,723.28,17-07-19,Books
836,Male,45,60202,45.44,17-02-20,Books
837,Male,37,74063,801.94,23-07-20,Electronics
838,Male,59,42073,715.79,04-05-19,Electronics
839,Female,23,46677,775.29,03-10-19,Clothing
840,Male,23,57987,375.1,30-07-19,Beauty
841,Female,44,94582,974.11,26-02-20,Clothing
842,Male,49,71540,97.9,26-09-19,Beauty
843,Male,61,28843,818.2,27-12-20,Electronics
844,Male,21,40848,80.23,24-08-20,Toys
845,Male,26,87128,676.67,29-08-19,Electronics
846,Male,26,40078,201.65,17-03-19,Books
847,Male,34,95193,449.39,06-11-19,Clothing
848,Female,52,56622,40.51,24-09-20,Books
849,Male,47,41409,816.83,05-07-19,Books
850,Male,58,28573,164.43,06-10-20,Clothing
851,Female,49,28844,481.36,10-04-20,Electronics
852,Male,49,42760,670.07,25-09-19,Clothing
853,Male,54,84544,819.28,16-10-19,Beauty
854,Male,24,86614,186.57,20-08-20,Clothing
855,Female,38,78681,775.48,01-02-19,Electronics
856,Female,62,40377,54.63,17-02-19,Toys
857,Male,56,82462,723.4,25-03-19,Electronics
858,Male,38,42885,735.22,28-11-19,Beauty
859,Male,25,93340,569.82,05-05-20,Electronics
860,Female,23,43605,320.9,06-03-20,Books
861,Female,58,33123,464.49,27-01-20,Toys
862,Male,37,37360,848.98,23-07-19,Toys
863,Male,58,89477,332.56,30-04-19,Clothing
864,Male,20,73885,605.34,27-01-20,Clothing
865,Female,21,23435,698.63,07-10-20,Toys
866,Male,56,94310,674.17,04-01-19,Books
867,Male,34,46152,825.25,27-08-19,Electronics
868,Male,49,51731,629.87,12-11-20,Electronics
869,Female,42,74592,486,01-11-19,Beauty
870,Male,36,96047,486.84,01-09-19,Electronics
871,Female,62,89427,538.26,13-04-19,Books
872,Male,42,30903,698.96,13-07-20,Clothing
873,Male,55,33579,319.84,11-05-19,Books
874,Female,45,62669,69.81,29-07-20,Beauty
875,Female,50,94048,456.86,26-08-20,Clothing
876,Female,65,28875,70.26,04-04-20,Beauty
877,Female,33,31789,827.77,26-02-19,Beauty
878,Female,56,68209,929.99,18-04-20,Books
879,Female,44,78262,883.6,15-10-19,Electronics
880,Female,19,33925,719.92,09-01-19,Books
881,Female,52,49075,723.95,04-05-20,Beauty
882,Female,47,73964,104.6,05-02-19,Books
883,Female,23,65385,424.17,26-05-19,Books
884,Male,18,91688,150.34,13-03-20,Electronics
885,Female,54,35946,864.97,17-12-19,Books
886,Male,60,86669,624.52,18-05-19,Books
887,Male,65,27505,740.15,09-09-19,Books
888,Female,31,75759,801.23,15-10-20,Books
889,Female,52,62117,658.8,18-08-19,Electronics
890,Male,18,37591,664.31,06-09-20,Toys
891,Female,55,39707,392.79,28-08-19,Electronics
892,Male,37,43804,270.41,10-01-19,Clothing
893,Male,53,92721,133.79,27-12-20,Electronics
894,Female,27,54208,186.32,20-10-19,Electronics
895,Male,62,91788,410.39,17-03-20,Clothing
896,Female,50,29487,546.85,08-09-20,Toys
897,Female,65,62634,942.18,06-12-19,Books
898,Male,53,67599,232.59,24-07-20,Electronics
899,Female,21,54497,415.52,18-02-19,Toys
900,Female,48,83385,454.03,04-12-20,Beauty
901,Female,65,64998,755.65,02-06-20,Electronics
902,Male,60,73427,465.4,07-04-19,Books
903,Male,36,27776,641.73,15-01-20,Electronics
904,Female,36,81257,396.47,01-08-19,Toys
905,Female,23,98110,277.4,23-09-19,Toys
906,Male,56,75886,668.41,07-08-20,Electronics
907,Female,64,31258,12.92,13-08-19,Clothing
908,Female,30,70139,979.94,13-06-19,Electronics
909,Male,53,96442,322.06,22-12-20,Beauty
910,Male,45,95347,472.64,07-10-20,Electronics
911,Female,18,47983,936.19,24-06-19,Electronics
912,Male,41,84914,853.32,21-03-19,Books
913,Male,60,56551,649.98,06-03-20,Toys
914,Male,47,55722,207.64,31-01-19,Beauty
915,Female,59,72080,99.85,27-05-19,Clothing
916,Male,46,29262,447.81,01-06-19,Electronics
917,Female,37,35163,45.44,28-07-19,Electronics
918,Female,26,70280,391.13,27-10-20,Toys
919,Female,27,37588,30.01,19-01-20,Toys
920,Female,51,73455,372.16,24-11-19,Toys
921,Male,22,58772,926.6,05-01-20,Electronics
922,Male,65,25893,323.14,13-04-19,Books
923,Female,38,66875,409.14,05-02-20,Beauty
924,Male,43,21823,563.41,14-12-19,Electronics
925,Female,25,60798,984.85,20-12-20,Books
926,Male,23,44511,582.09,26-04-20,Electronics
927,Female,36,87634,120.18,12-10-19,Books
928,Female,47,78542,227.82,19-09-20,Electronics
929,Female,41,31510,609.07,21-09-19,Electronics
930,Male,43,45841,624.61,27-09-19,Toys
931,Male,40,88048,75.17,23-03-20,Books
932,Female,22,33809,644.9,18-07-20,Clothing
933,Male,27,57028,556.16,01-11-19,Books
934,Male,20,38952,792.55,09-10-20,Beauty
935,Female,65,81475,769.74,22-08-20,Toys
936,Female,24,29495,989.75,12-11-20,Electronics
937,Female,60,26591,967.84,04-01-20,Electronics
938,Male,55,43475,631.02,31-01-20,Books
939,Male,45,71577,376.82,19-09-19,Books
940,Female,54,85296,522.17,22-10-20,Toys
941,Male,45,31600,66.37,29-07-19,Toys
942,Female,40,35640,694.28,23-10-19,Electronics
943,Male,58,68829,73.69,20-04-19,Toys
944,Female,63,54846,983.75,08-12-19,Books
945,Female,49,70973,19.76,27-05-20,Clothing
946,Female,27,52149,629.64,02-03-20,Books
947,Female,20,44697,860.99,05-11-20,Books
948,Male,18,84077,69.23,17-05-20,Beauty
949,Male,27,90488,896.46,09-02-20,Toys
950,Female,57,59846,289.51,31-05-20,Electronics
951,Female,34,32612,622.65,15-09-20,Beauty
952,Male,46,83306,670.15,14-03-20,Clothing
953,Male,42,59471,929.89,15-11-19,Toys
954,Female,18,78996,325.71,04-12-19,Beauty
955,Male,44,20341,760.56,16-09-19,Electronics
956,Female,62,45804,717.64,25-04-20,Beauty
957,Male,23,49334,331.75,03-10-20,Beauty
958,Male,30,53940,638.91,16-12-19,Electronics
959,Female,22,46993,686.06,25-08-19,Books
960,Male,27,71753,134.75,21-10-20,Clothing
961,Male,64,76922,295.12,23-01-20,Books
962,Male,24,22661,605.56,08-07-20,Electronics
963,Male,53,68592,948.81,06-05-19,Beauty
964,Male,45,35576,282.8,24-12-20,Clothing
965,Female,54,29100,895.9,21-03-19,Clothing
966,Female,26,67321,107.52,30-11-19,Electronics
967,Male,19,43755,148.19,01-08-19,Beauty
968,Female,40,55538,405.73,18-06-19,Electronics
969,Male,49,94070,312.45,22-06-20,Clothing
970,Female,63,58618,828,19-06-20,Books
971,Female,60,84361,227.85,08-10-20,Books
972,Male,42,41662,572.43,06-05-20,Clothing
973,Male,29,52805,615.71,19-01-19,Electronics
974,Male,26,31945,96.99,11-01-20,Beauty
975,Female,34,46155,778.92,17-11-19,Electronics
976,Male,40,47146,441.85,31-10-20,Electronics
977,Female,23,49444,424.13,06-01-20,Clothing
978,Male,51,85157,407.61,21-01-19,Beauty
979,Female,33,64776,102.88,27-04-20,Clothing
980,Female,55,96852,441.76,26-12-20,Toys
981,Female,22,83298,853.13,17-03-20,Beauty
982,Male,20,74407,406.74,29-10-19,Beauty
983,Female,63,60119,24.35,28-02-20,Toys
984,Male,28,46086,479.2,06-10-19,Beauty
985,Male,56,91310,824.51,18-05-20,Toys
986,Female,33,73090,644.01,31-08-19,Clothing
987,Male,42,73183,162.05,23-10-20,Books
988,Female,45,37792,404.3,02-09-20,Books
989,Male,42,66429,555.49,11-01-20,Books
990,Female,55,78540,445.15,04-08-19,Electronics
991,Female,38,42001,862.81,02-04-19,Toys
992,Female,56,65725,266.93,19-09-20,Toys
993,Male,34,29945,426.4,08-05-19,Beauty
994,Male,22,26195,812.54,13-03-19,Books
995,Male,37,43353,920.64,24-12-20,Toys
996,Female,19,55730,785.7,30-09-20,Clothing
997,Male,52,54471,922,07-10-19,Beauty
998,Male,26,86573,469.28,03-06-20,Books
999,Male,34,87490,892.53,18-02-19,Toys
1000,Female,29,58782,55.3,15-03-19,Electronics
